{
    "mean_train_dice": {
        "fold0": 0.7934032082557678,
        "fold1": 0.7533861994743347,
        "fold2": 0.7648254036903381,
        "fold3": 0.6769036054611206,
        "fold4": 0.7828491926193237
    },
    "mean_train_precision": {
        "fold0": 0.7953841686248779,
        "fold1": 0.7839019298553467,
        "fold2": 0.7840787768363953,
        "fold3": 0.760775625705719,
        "fold4": 0.7670046091079712
    },
    "mean_train_recall": {
        "fold0": 0.8113852739334106,
        "fold1": 0.7895085215568542,
        "fold2": 0.7826884984970093,
        "fold3": 0.7646105885505676,
        "fold4": 0.7687225341796875
    },
    "std_train_dice": {
        "fold0": 0.10139154642820358,
        "fold1": 0.14489305019378662,
        "fold2": 0.11152741312980652,
        "fold3": 0.12861907482147217,
        "fold4": 0.08002090454101562
    },
    "std_train_precision": {
        "fold0": 0.1269182413816452,
        "fold1": 0.14428916573524475,
        "fold2": 0.13664287328720093,
        "fold3": 0.14784780144691467,
        "fold4": 0.14187471568584442
    },
    "std_train_recall": {
        "fold0": 0.05451730638742447,
        "fold1": 0.10274417698383331,
        "fold2": 0.11225305497646332,
        "fold3": 0.12971988320350647,
        "fold4": 0.1189766675233841
    },
    "mean_val_dice": {
        "fold0": 0.47399911284446716,
        "fold1": 0.5252436399459839,
        "fold2": 0.4338131248950958,
        "fold3": 0.4125690758228302,
        "fold4": 0.4483396112918854
    },
    "mean_val_precision": {
        "fold0": 0.5490871667861938,
        "fold1": 0.5779887437820435,
        "fold2": 0.5597953796386719,
        "fold3": 0.5214186310768127,
        "fold4": 0.5436857342720032
    },
    "mean_val_recall": {
        "fold0": 0.47880983352661133,
        "fold1": 0.4994399845600128,
        "fold2": 0.4949365258216858,
        "fold3": 0.5133857131004333,
        "fold4": 0.4988464117050171
    },
    "std_val_dice": {
        "fold0": 0.1562996655702591,
        "fold1": 0.15558573603630066,
        "fold2": 0.2236213982105255,
        "fold3": 0.20679713785648346,
        "fold4": 0.18125754594802856
    },
    "std_val_precision": {
        "fold0": 0.16704809665679932,
        "fold1": 0.18579883873462677,
        "fold2": 0.19324259459972382,
        "fold3": 0.22227223217487335,
        "fold4": 0.2312050759792328
    },
    "std_val_recall": {
        "fold0": 0.21082448959350586,
        "fold1": 0.18980303406715393,
        "fold2": 0.233849436044693,
        "fold3": 0.24115340411663055,
        "fold4": 0.24292175471782684
    }
}