{
    "mean_train_dice": {
        "fold0": 0.8325980305671692,
        "fold1": 0.7831853628158569,
        "fold2": 0.7167974710464478,
        "fold3": 0.671898603439331,
        "fold4": 0.6705864667892456
    },
    "mean_train_precision": {
        "fold0": 0.8358960151672363,
        "fold1": 0.820306122303009,
        "fold2": 0.8048756122589111,
        "fold3": 0.7821605205535889,
        "fold4": 0.7622684836387634
    },
    "mean_train_recall": {
        "fold0": 0.8434420228004456,
        "fold1": 0.8163555264472961,
        "fold2": 0.7779548168182373,
        "fold3": 0.7565605640411377,
        "fold4": 0.7459756731987
    },
    "std_train_dice": {
        "fold0": 0.09498823434114456,
        "fold1": 0.1524069458246231,
        "fold2": 0.1476314216852188,
        "fold3": 0.1269451081752777,
        "fold4": 0.10630341619253159
    },
    "std_train_precision": {
        "fold0": 0.11242980509996414,
        "fold1": 0.13571742177009583,
        "fold2": 0.1392654925584793,
        "fold3": 0.1524195820093155,
        "fold4": 0.15985766053199768
    },
    "std_train_recall": {
        "fold0": 0.049558233469724655,
        "fold1": 0.11395103484392166,
        "fold2": 0.1443937122821808,
        "fold3": 0.15405245125293732,
        "fold4": 0.14776641130447388
    },
    "mean_val_dice": {
        "fold0": 0.41025763750076294,
        "fold1": 0.4845658242702484,
        "fold2": 0.2850834131240845,
        "fold3": 0.35856708884239197,
        "fold4": 0.3464159369468689
    },
    "mean_val_precision": {
        "fold0": 0.4956228733062744,
        "fold1": 0.5545393228530884,
        "fold2": 0.519811749458313,
        "fold3": 0.48826321959495544,
        "fold4": 0.48917827010154724
    },
    "mean_val_recall": {
        "fold0": 0.431900292634964,
        "fold1": 0.4515247941017151,
        "fold2": 0.3961923122406006,
        "fold3": 0.422566682100296,
        "fold4": 0.4082169532775879
    },
    "std_val_dice": {
        "fold0": 0.1698901504278183,
        "fold1": 0.13396687805652618,
        "fold2": 0.13612248003482819,
        "fold3": 0.15445087850093842,
        "fold4": 0.1664644181728363
    },
    "std_val_precision": {
        "fold0": 0.19156204164028168,
        "fold1": 0.22622309625148773,
        "fold2": 0.22752372920513153,
        "fold3": 0.22456781566143036,
        "fold4": 0.2392406016588211
    },
    "std_val_recall": {
        "fold0": 0.21015211939811707,
        "fold1": 0.17570292949676514,
        "fold2": 0.20514917373657227,
        "fold3": 0.22486062347888947,
        "fold4": 0.22602665424346924
    }
}