{
    "mean_train_dice": {
        "fold0": 0.80101478099823,
        "fold1": 0.8107197880744934,
        "fold2": 0.7699683308601379,
        "fold3": 0.7061604261398315,
        "fold4": 0.7903469204902649
    },
    "mean_train_precision": {
        "fold0": 0.8049243688583374,
        "fold1": 0.8177339434623718,
        "fold2": 0.8067566752433777,
        "fold3": 0.7809323668479919,
        "fold4": 0.7786779999732971
    },
    "mean_train_recall": {
        "fold0": 0.815990149974823,
        "fold1": 0.8105544447898865,
        "fold2": 0.801570475101471,
        "fold3": 0.7871948480606079,
        "fold4": 0.7942639589309692
    },
    "std_train_dice": {
        "fold0": 0.09881266951560974,
        "fold1": 0.10281332582235336,
        "fold2": 0.1198476254940033,
        "fold3": 0.11653308570384979,
        "fold4": 0.06568152457475662
    },
    "std_train_precision": {
        "fold0": 0.12380960583686829,
        "fold1": 0.11369544267654419,
        "fold2": 0.11814233660697937,
        "fold3": 0.13370081782341003,
        "fold4": 0.12690098583698273
    },
    "std_train_recall": {
        "fold0": 0.05569590628147125,
        "fold1": 0.0925116091966629,
        "fold2": 0.11285997182130814,
        "fold3": 0.12145520001649857,
        "fold4": 0.11237231642007828
    },
    "mean_val_dice": {
        "fold0": 0.4473165273666382,
        "fold1": 0.5373448133468628,
        "fold2": 0.44613903760910034,
        "fold3": 0.42291802167892456,
        "fold4": 0.49431827664375305
    },
    "mean_val_precision": {
        "fold0": 0.5535883903503418,
        "fold1": 0.5813852548599243,
        "fold2": 0.5552879571914673,
        "fold3": 0.5281342267990112,
        "fold4": 0.5482657551765442
    },
    "mean_val_recall": {
        "fold0": 0.457053005695343,
        "fold1": 0.4961984157562256,
        "fold2": 0.5047580003738403,
        "fold3": 0.5167080163955688,
        "fold4": 0.5141881108283997
    },
    "std_val_dice": {
        "fold0": 0.19417957961559296,
        "fold1": 0.13114139437675476,
        "fold2": 0.19900783896446228,
        "fold3": 0.20950554311275482,
        "fold4": 0.16487163305282593
    },
    "std_val_precision": {
        "fold0": 0.19926752150058746,
        "fold1": 0.1843288093805313,
        "fold2": 0.18881087005138397,
        "fold3": 0.2153724581003189,
        "fold4": 0.22541822493076324
    },
    "std_val_recall": {
        "fold0": 0.2461104542016983,
        "fold1": 0.2159309685230255,
        "fold2": 0.24573633074760437,
        "fold3": 0.2506210505962372,
        "fold4": 0.24457034468650818
    }
}