{
    "mean_train_loss_pred": {
        "fold0": [
            0.8186352584679523,
            0.6336760260351938,
            0.5984424685113993,
            0.5699928967123056,
            0.5241571441479963,
            0.5111246299017315,
            0.5070206799998356,
            0.49643770552909555
        ],
        "fold1": [
            0.8485715817288136,
            0.661139594885977,
            0.5991083574459849,
            0.5906509339992535,
            0.5500137590776024,
            0.5279555369265801,
            0.5267818944611674,
            0.5109835590039896,
            0.5087842392390408,
            0.5019415328579564,
            0.495902993368663,
            0.4924472805496002
        ],
        "fold2": [
            0.8808655803670754,
            0.6625552835899431,
            0.6051204382165059,
            0.567756280262728,
            0.5593434183178722,
            0.5054373045225401
        ],
        "fold3": [
            0.876660492218716,
            0.6158899023126175,
            0.5784622696876899,
            0.546246500362253,
            0.5409466907825082,
            0.5181259997480538,
            0.5134569080502774,
            0.4693712655553982
        ],
        "fold4": [
            0.8672665249452822,
            0.6705753494881921,
            0.6376166000651816,
            0.6022589686326683,
            0.5861675739547031,
            0.5689554208268722,
            0.5523329840766059,
            0.5441716376743797,
            0.4992681503451119
        ]
    },
    "mean_train_loss_kl_AB2C": {
        "fold0": [
            0.012893268580813324,
            0.0036056624396964315,
            0.00301629867558701,
            0.002565408841717123,
            0.0006056826586703909,
            0.0004775579550700351,
            0.00046425932469471845,
            0.00018940767988533024
        ],
        "fold1": [
            0.010787425972294196,
            0.004343729114808004,
            0.0029262557625256446,
            0.002686732079335136,
            0.0006798533069319182,
            0.0005424951559549655,
            0.0005809342722047157,
            0.0005317899624518613,
            0.0005397380178418576,
            0.0005688416351932251,
            0.0005732334424445521,
            0.00026101480904789466
        ],
        "fold2": [
            0.014226162147777457,
            0.006111859508441617,
            0.004751969052233255,
            0.004290012868059912,
            0.003455510886065108,
            0.0008820660830334984
        ],
        "fold3": [
            0.020683417957688206,
            0.007450475321104495,
            0.005434635853546443,
            0.004002030569381176,
            0.00340187897069849,
            0.0029709516242753162,
            0.0023670742573497212,
            0.0004904840060559887
        ],
        "fold4": [
            0.01704010244591498,
            0.006055523880351959,
            0.004831448139915058,
            0.0042675291822939065,
            0.0029524072076962207,
            0.003019137970745255,
            0.002858542043820004,
            0.0022686459178910606,
            0.0005034639708204244
        ]
    },
    "mean_train_loss_rec": {
        "fold0": [
            0.07893604081329988,
            0.07029887724986028,
            0.06923968192358412,
            0.06982204841038016,
            0.06948499912489674,
            0.06843474823700722,
            0.06896554856987006,
            0.06888229652874209
        ],
        "fold1": [
            0.08252763336727513,
            0.07369818789069005,
            0.07182921020002225,
            0.07195319616437508,
            0.07182665554357381,
            0.07130627052575213,
            0.0709541435889934,
            0.0713248896010552,
            0.07117878789863279,
            0.07141450267805848,
            0.07190309358494622,
            0.07075224521522698
        ],
        "fold2": [
            0.07642193010227906,
            0.06902347419763337,
            0.06760475535096752,
            0.06799399539626934,
            0.06678453161053964,
            0.06716387806762313
        ],
        "fold3": [
            0.07874922804441158,
            0.07214120394187354,
            0.06994989131036591,
            0.06869752879993457,
            0.06896874138353763,
            0.06830788354195526,
            0.06845083930974181,
            0.06811505303672968
        ],
        "fold4": [
            0.08342395871942346,
            0.07466413635928701,
            0.07466874423294535,
            0.07255145772877666,
            0.0731041175151606,
            0.07306132175856167,
            0.0722764083087289,
            0.07214548308466975,
            0.07213504226011638
        ]
    },
    "mean_train_loss_kl_C2AB": {
        "fold0": [
            0.008096306265058353,
            0.0022450769024613126,
            0.0016474968494946721,
            0.0016518567117646172,
            0.0003053483066751644,
            0.0002010538245978257,
            0.00021757649217912176,
            7.829182422698232e-05
        ],
        "fold1": [
            0.008711139722737968,
            0.0024824407295602965,
            0.0019247615557005156,
            0.0018033316425167538,
            0.0003446653776330873,
            0.00024792797804860836,
            0.0002610647609697357,
            0.00023641213557240606,
            0.00023315244053417187,
            0.0002740623940756208,
            0.00027428151973012295,
            0.00010455837161753878
        ],
        "fold2": [
            0.01703726022032906,
            0.00218964232215119,
            0.0017176008240066703,
            0.0016371248977668223,
            0.0014592297257312,
            0.0002904619151268963
        ],
        "fold3": [
            0.0064449339090298366,
            0.0022826927471984743,
            0.0018814977492253712,
            0.001657098286316017,
            0.001584802640950692,
            0.0014639786995288495,
            0.0014663193600048293,
            0.0002833529535766704
        ],
        "fold4": [
            0.0076369163354507285,
            0.002528243853355939,
            0.002016936841098666,
            0.00172672734190529,
            0.0016054479928205485,
            0.0015493267446800019,
            0.0016174401157387466,
            0.0015357959092088752,
            0.000246254553834054
        ]
    },
    "mean_train_dice": {
        "fold0": [
            0.4920838475227356,
            0.5766165256500244,
            0.5983291268348694,
            0.6191760301589966,
            0.6499049663543701,
            0.6594627499580383,
            0.656929612159729,
            0.6686405539512634
        ],
        "fold1": [
            0.45525532960891724,
            0.5509229898452759,
            0.594745934009552,
            0.6037933826446533,
            0.6263318657875061,
            0.6433835625648499,
            0.6462081670761108,
            0.6519197225570679,
            0.6570349335670471,
            0.6601987481117249,
            0.6661413908004761,
            0.6669290065765381
        ],
        "fold2": [
            0.467754989862442,
            0.5553414821624756,
            0.5980083346366882,
            0.619389533996582,
            0.6286661028862,
            0.6679638624191284
        ],
        "fold3": [
            0.48573774099349976,
            0.5985487699508667,
            0.6207658052444458,
            0.6388352513313293,
            0.6431294679641724,
            0.6621325016021729,
            0.6616636514663696,
            0.6894921064376831
        ],