{
    "mean_train_dice": {
        "fold0": 0.8257948160171509,
        "fold1": 0.7849517464637756,
        "fold2": 0.7056582570075989,
        "fold3": 0.6736817359924316,
        "fold4": 0.8022468686103821
    },
    "mean_train_precision": {
        "fold0": 0.8232265710830688,
        "fold1": 0.8170771598815918,
        "fold2": 0.7919772863388062,
        "fold3": 0.7627339959144592,
        "fold4": 0.7649411559104919
    },
    "mean_train_recall": {
        "fold0": 0.8382893800735474,
        "fold1": 0.8132397532463074,
        "fold2": 0.7815964221954346,
        "fold3": 0.7677278518676758,
        "fold4": 0.7844029068946838
    },
    "std_train_dice": {
        "fold0": 0.06588008999824524,
        "fold1": 0.11816400289535522,
        "fold2": 0.14497393369674683,
        "fold3": 0.1386217176914215,
        "fold4": 0.09633480757474899
    },
    "std_train_precision": {
        "fold0": 0.101132333278656,
        "fold1": 0.11437378078699112,
        "fold2": 0.13875837624073029,
        "fold3": 0.15512365102767944,
        "fold4": 0.14819367229938507
    },
    "std_train_recall": {
        "fold0": 0.043532345443964005,
        "fold1": 0.09724590182304382,
        "fold2": 0.12660999596118927,
        "fold3": 0.14045800268650055,
        "fold4": 0.13238313794136047
    },
    "mean_val_dice": {
        "fold0": 0.45045608282089233,
        "fold1": 0.5327757596969604,
        "fold2": 0.4783242344856262,
        "fold3": 0.4602786600589752,
        "fold4": 0.5153713226318359
    },
    "mean_val_precision": {
        "fold0": 0.5774822235107422,
        "fold1": 0.5982690453529358,
        "fold2": 0.5811704397201538,
        "fold3": 0.5457439422607422,
        "fold4": 0.5581087470054626
    },
    "mean_val_recall": {
        "fold0": 0.4665582478046417,
        "fold1": 0.5051152110099792,
        "fold2": 0.5164529085159302,
        "fold3": 0.5458899140357971,
        "fold4": 0.5425481796264648
    },
    "std_val_dice": {
        "fold0": 0.17056606709957123,
        "fold1": 0.1571519523859024,
        "fold2": 0.1810639351606369,
        "fold3": 0.17749370634555817,
        "fold4": 0.1639179140329361
    },
    "std_val_precision": {
        "fold0": 0.20550742745399475,
        "fold1": 0.20137737691402435,
        "fold2": 0.19295893609523773,
        "fold3": 0.2114040106534958,
        "fold4": 0.22295868396759033
    },
    "std_val_recall": {
        "fold0": 0.25467658042907715,
        "fold1": 0.2234746664762497,
        "fold2": 0.24186840653419495,
        "fold3": 0.24064117670059204,
        "fold4": 0.23172993957996368
    }
}