{
    "mean_train_loss_pred": {
        "fold0": [
            0.8200407343443914,
            0.6454240692470541,
            0.5898656354440217,
            0.5704725762857265,
            0.5363483147031098,
            0.521894926420558,
            0.5103691006500517,
            0.49828597974387845,
            0.5010072772938702,
            0.5011932679718762
        ],
        "fold1": [
            1.0214593285514462,
            0.6807832006485232,
            0.6373821009871781,
            0.6085998117923737,
            0.5853989281321085,
            0.5759294227154756,
            0.5380160651540243,
            0.518429004468493,
            0.5139668278979815,
            0.5194850800681956,
            0.5153087708074743,
            0.5098829107808261
        ],
        "fold2": [
            0.801247891461527,
            0.6388065969621813,
            0.6007315514055458,
            0.5700033469578705,
            0.5607094100600964,
            0.5143333327528593
        ],
        "fold3": [
            0.7072707940248629,
            0.5874296888965583,
            0.5513261491097569,
            0.529950296351794,
            0.5125650348657733,
            0.4965306123797323,
            0.47001770236682444,
            0.46587423733049343,
            0.447196988059508,
            0.44103672986205944
        ],
        "fold4": [
            0.7810653703701165,
            0.6400534910046392,
            0.6177563841661645,
            0.574650335436066,
            0.541402079604773
        ]
    },
    "mean_train_loss_kl_AB2C": {
        "fold0": [
            0.01274792318454,
            0.0036269861076614496,
            0.0031023903905603293,
            0.002677976227199513,
            0.0005738251878796492,
            0.0004996565332165384,
            0.0004981052865510701,
            0.0005304730650790424,
            0.0005147699655652507,
            0.00022315661951682355
        ],
        "fold1": [
            0.024888594084406433,
            0.008343668186977383,
            0.008749358864176014,
            0.007223464409908718,
            0.006820537142350786,
            0.005046599518722131,
            0.0015463270114065024,
            0.0012456348779788416,
            0.001242512588384479,
            0.0012228645343193016,
            0.0012614623517195995,
            0.0008361399655704498
        ],
        "fold2": [
            0.011489352605034631,
            0.005348369609242041,
            0.0034787792931810315,
            0.0033046336763839683,
            0.0024860377600448005,
            0.00043597868856203286
        ],
        "fold3": [
            0.024667405093429247,
            0.0029844254211479643,
            0.0019788343229144613,
            0.001769073301650156,
            0.0016175754588542408,
            0.00166432638828316,
            0.00036455269871449574,
            0.00026627973619168283,
            0.0002496312674982032,
            0.00010073698553788689
        ],
        "fold4": [
            0.010643864806929236,
            0.003133314646997102,
            0.002487251207519926,
            0.0019693111932560393,
            0.0004563645278242095
        ]
    },
    "mean_train_loss_rec": {
        "fold0": [
            0.0785367082635961,
            0.0710730591423847,
            0.06949646019344054,
            0.0689814736500345,
            0.06852672546025572,
            0.0687941550066573,
            0.06852886400620767,
            0.06858391071384276,
            0.06878964307404418,
            0.0683789846052102
        ],
        "fold1": [
            0.08233634412242886,
            0.07319333983410704,
            0.07176199610904431,
            0.07185740284221147,
            0.07044939123975333,
            0.07090779853421056,
            0.07081885844148615,
            0.07100302615015554,
            0.07089192451145243,
            0.07100699845981855,
            0.07059147002349984,
            0.07021013858474894
        ],
        "fold2": [
            0.08074689720933502,
            0.07074049910077372,
            0.06807862678291024,
            0.06751977254107998,
            0.06729888349922525,
            0.06691510961768594
        ],
        "fold3": [
            0.07864039304414079,
            0.07074091451443697,
            0.06973334749889486,
            0.06899906327315433,
            0.06835069432738054,
            0.06937505968253191,
            0.06853393657083429,
            0.06875978423652701,
            0.06901416704291842,
            0.06877978892300238
        ],
        "fold4": [
            0.08188317798582527,
            0.07434883092517136,
            0.0734093674691394,
            0.07298051360218476,
            0.07260787756078774
        ]
    },
    "mean_train_loss_kl_C2AB": {
        "fold0": [
            0.007492992776728234,
            0.002135936682848228,
            0.0017341900818097365,
            0.0016621993701581726,
            0.00027430289580122956,
            0.00018145980708305528,
            0.00021851434109462092,
            0.00022469574811459015,
            0.0002333007386181607,
            5.4164895995949444e-05
        ],
        "fold1": [
            0.008974994115564348,
            0.0021944711078016464,
            0.0017232907072507462,
            0.0015960501171135273,
            0.0014432719356251918,
            0.0013412835158797595,
            0.0002490286031559121,
            0.00017428699412293548,
            0.0001691931119792839,
            0.00019608090058796697,
            0.00021384661295995524,
            5.089849846920134e-05
        ],
        "fold2": [
            0.007798245303166442,
            0.002436512171472124,
            0.0018310858892348462,
            0.001714052986758238,
            0.0015574603265908868,
            0.00023522036118646538
        ],
        "fold3": [
            0.01114953189518675,
            0.00219678414929926,
            0.0016986381814659611,
            0.0016346668696011573,
            0.0015678987801948097,
            0.0013043615856506779,
            0.00017951375545517394,
            0.00018998668967273294,
            0.00018675348431220436,
            5.3588086594403444e-05
        ],
        "fold4": [
            0.013772599219515137,
            0.002590612889068527,
            0.002013744409333008,
            0.0017096440114604168,
            0.00031593396479144705
        ]
    },
    "mean_train_dice": {
        "fold0": [
            0.4955280125141144,
            0.5673744082450867,
            0.6078870892524719,
            0.6242753267288208,
            0.6424104571342468,
            0.6519203186035156,
            0.658204972743988,
            0.6698905825614929,
            0.6668018102645874,
            0.6677888035774231
        ],
        "fold1": [
            0.42744818329811096,
            0.5409877300262451,
            0.5719284415245056,
            0.5896844267845154,
            0.6018261909484863,
            0.6109822392463684,
            0.6387792229652405,
            0.6482577323913574,
            0.6533746719360352,
            0.6430322527885437,
            0.6477006673812866,
            0.6513936519622803
        ],
        "fold2": [
            0.5007990598678589,
            0.5748584866523743,
            0.5990690588951111,
            0.619655191898346,
            0.6241146922111511,
            0.6568379998207092
        ],
        "fold3": [
            0.5385059714317322,
            0.6150003671646118,
            0.63420170545578,
            0.6551890969276428,
            0.6641994118690491,
            0.6721293926239014,
            0.6944364905357361,
            0.6967079043388367,
            0.7048260569572449,
            0.7104233503341675
        ],