{
    "mean_train_loss_pred": {
        "fold0": [
            0.7792000975366213,
            0.6271347123474332,
            0.5962613949074818,
            0.5658541592820805,
            0.5348363872336682
        ],
        "fold1": [
            0.7526042777272414,
            0.6324986149821596,
            0.5978865035667947,
            0.5765883992161436,
            0.5545921027431473,
            0.5479984997146506,
            0.5307739615760824,
            0.5263057977144253,
            0.5156958431188595,
            0.5074766936115406,
            0.5029440801676517,
            0.49625394817229973,
            0.4689659712501385
        ],
        "fold2": [
            0.7359196779695717,
            0.6192651627837,
            0.568013007999272,
            0.5236555461343881
        ],
        "fold3": [
            0.726842269604568,
            0.5906751500049108,
            0.5633885357907867,
            0.5392768137238582,
            0.51053894902339,
            0.5071326060707394,
            0.4705592579031961,
            0.4603131241595055,
            0.4558818730669962,
            0.4545546687078401,
            0.4518845950447151,
            0.4509994968748615,
            0.44252290204750355,
            0.4389275477059384
        ],
        "fold4": [
            0.7785787340253592,
            0.6359959265424145,
            0.625141652714875,
            0.600406693191164,
            0.5525534261121519
        ]
    },
    "mean_train_loss_kl_AB2C": {
        "fold0": [
            0.014313223782445489,
            0.0038334319242997266,
            0.0032500131884998194,
            0.002783882471639707,
            0.0005926473061151397
        ],
        "fold1": [
            0.01181181518091125,
            0.002343018402392599,
            0.001824527576791465,
            0.0016628220056985846,
            0.0012925276459003735,
            0.001450706717234576,
            0.0015638444887855704,
            0.00147686883083476,
            0.0013930816619627743,
            0.0013562738293668858,
            0.001343541908814522,
            0.0013333636069925235,
            0.00025231292801898645
        ],
        "fold2": [
            0.011713388035816417,
            0.00432177733012862,
            0.003858494956138374,
            0.0008718524608043112
        ],
        "fold3": [
            0.014106486661329425,
            0.004972214010297353,
            0.0037663780328354374,
            0.0029949235403946717,
            0.002160882482120526,
            0.0018895218490968357,
            0.00037335826519738305,
            0.0002962523667207017,
            0.0002543716758358391,
            0.0002809172796865177,
            0.0002954143364959649,
            0.0002955708321917801,
            0.0002913950815503218,
            0.00010350193800310844
        ],
        "fold4": [
            0.018538240402146283,
            0.005700498127579421,
            0.004832239469856682,
            0.0033956975036441386,
            0.0010295623758496378
        ]
    },
    "mean_train_loss_rec": {
        "fold0": [
            0.07947123918832097,
            0.07056936209824816,
            0.06886284536302988,
            0.06913658170422642,
            0.06850572802528888
        ],
        "fold1": [
            0.07802519359598695,
            0.07180918644421294,
            0.07190225315716593,
            0.07109642651979275,
            0.07092503247676724,
            0.07059924399477363,
            0.07159196766817258,
            0.07119543764013482,
            0.0704523476495904,
            0.07109850789842334,
            0.07030439192283264,
            0.07102278129593934,
            0.07031043980001671
        ],
        "fold2": [
            0.07546130442689802,
            0.0683028542084267,
            0.06800537181363718,
            0.067371815873461
        ],
        "fold3": [
            0.07877659144722426,
            0.07193338121571731,
            0.07003542977342957,
            0.06860645648226119,
            0.06819012082227052,
            0.0686987577930256,
            0.06809542045370327,
            0.06879601165279163,
            0.06778002981277233,
            0.06838417583449813,
            0.06733000661204212,
            0.06872498193618744,
            0.06739742853365407,
            0.06717136272860338
        ],
        "fold4": [
            0.08229746254316221,
            0.07484619120562759,
            0.0736758545099292,
            0.07343304300835977,
            0.07295321313560837
        ]
    },
    "mean_train_loss_kl_C2AB": {
        "fold0": [
            0.008156827060624504,
            0.0021478469231519214,
            0.0017689785258332435,
            0.001704275967491394,
            0.0003018276418963489
        ],
        "fold1": [
            0.009128428163172952,
            0.002073457504699712,
            0.0017393022656027022,
            0.001612371031708646,
            0.0015610896231700129,
            0.001407243935349283,
            0.0014764301877179529,
            0.0014007551851546011,
            0.001254447201521398,
            0.0014311788807211433,
            0.0013074644098916078,
            0.0012437206791995842,
            0.000224554596157136
        ],
        "fold2": [
            0.008574641525056732,
            0.0020867370994745067,
            0.0017232919767814787,
            0.0002720005839266279
        ],
        "fold3": [
            0.00940609020715709,
            0.0024055170940353405,
            0.0018833456062184808,
            0.001684009472974168,
            0.0016356855695379017,
            0.0015143654930402312,
            0.0002742409449336475,
            0.00021465206045604289,
            0.00018978584312535476,
            0.0001958501633992559,
            0.00022331287897695132,
            0.00021888565396279412,
            0.00021047943112354234,
            7.539166217426607e-05
        ],
        "fold4": [
            0.009595496094637687,
            0.002521801677782302,
            0.0018751474153001861,
            0.001785422160452299,
            0.0002854601867849422
        ]
    },
    "mean_train_dice": {
        "fold0": [
            0.5268443822860718,
            0.5844802260398865,
            0.6001328229904175,
            0.6246055364608765,
            0.641869068145752
        ],
        "fold1": [
            0.509427011013031,
            0.5689209699630737,
            0.5980571508407593,
            0.6093999743461609,
            0.6251370310783386,
            0.6277809739112854,
            0.6418626308441162,
            0.6422376036643982,
            0.6518678665161133,
            0.6594104766845703,
            0.656487226486206,
            0.6655400395393372,
            0.675084114074707
        ],
        "fold2": [
            0.5423935651779175,
            0.5883142352104187,
            0.6232359409332275,
            0.6517004370689392
        ],
        "fold3": [
            0.5530899167060852,
            0.6154174208641052,
            0.6261987090110779,
            0.6453313231468201,
            0.6621314287185669,
            0.6643849611282349,
            0.6883377432823181,
            0.6962636113166809,
            0.6992194652557373,
            0.702244758605957,
            0.7028809785842896,
            0.6990674734115601,
            0.7108995318412781,
            0.7136968374252319
        ],
        "fold4": [
            0.518433153629303,
            0.5732770562171936,
            0.579442024230957,
            0.5955132842063904,
            0.6242595911026001
        ]
    },
    "mean_train_precision": {
        "fold0": [
            0.4832432270050049,
            0.6338195204734802,
            0.6457908749580383,
            0.6606203317642212,
            0.6769704818725586
        ],