{
    "mean_train_loss_pred": {
        "fold0": [
            0.7816352661156175,
            0.6409054361845381,
            0.5921014071297106,
            0.5659736241377777,
            0.5388546521639704
        ],
        "fold1": [
            0.7591765440554114,
            0.6396220984272144,
            0.6026431457146705,
            0.5766911414178651,
            0.5336852414267403,
            0.5368341409619869,
            0.5212070474518425,
            0.513382200180294
        ],
        "fold2": [
            0.7967848604595339,
            0.6326718040012025,
            0.579284734299054,
            0.5704219696489541,
            0.5522525103913771,
            0.5142993446942922
        ],
        "fold3": [
            0.8199435275205424,
            0.6247102501153573,
            0.5855042553843467,
            0.5583428200888149,
            0.5397379311131013,
            0.533812370355327,
            0.5148306916437239,
            0.4888901818945934,
            0.47400737436071433,
            0.46751514077186584,
            0.4616197237806141
        ],
        "fold4": [
            0.7684494850950109,
            0.642223275732249,
            0.6012248610560265,
            0.5829372649960634,
            0.563153213614391,
            0.5554536753851507,
            0.5205002098551227,
            0.5027380327487158,
            0.4968106201849878,
            0.4888047281031807
        ]
    },
    "mean_train_loss_kl_AB2C": {
        "fold0": [
            0.011288971432503188,
            0.0035593502102825945,
            0.003527393811022943,
            0.002557485102758377,
            0.0005609010416712829
        ],
        "fold1": [
            0.010466459600674953,
            0.002208850120794484,
            0.0017978670743560331,
            0.0016646390136722232,
            0.0003860593047723295,
            0.0002620666685815294,
            0.000256342676247076,
            0.00010555812355854192
        ],
        "fold2": [
            0.011237216097357009,
            0.004523996484572677,
            0.0034308775851968677,
            0.003445719428811965,
            0.0030241228260795626,
            0.0006755925054676481
        ],
        "fold3": [
            0.014600137683689734,
            0.0059450520425692426,
            0.005456803934169034,
            0.004409763544010135,
            0.004319351512362309,
            0.003442370968598272,
            0.0033519020013125225,
            0.0006464549332106604,
            0.0006072809314751503,
            0.0006036433225776299,
            0.0002630860990208527
        ],
        "fold4": [
            0.016152576155642844,
            0.005434854459508642,
            0.004487669617042734,
            0.003779055103260968,
            0.0029272008297848767,
            0.002810615293103385,
            0.0006728877412835269,
            0.00044729841315355797,
            0.000435979208273491,
            0.00029473971484448056
        ]
    },
    "mean_train_loss_rec": {
        "fold0": [
            0.07861320429654726,
            0.0710412913081634,
            0.06961379062861728,
            0.06910555806226241,
            0.06868664294144317
        ],
        "fold1": [
            0.07736205395465623,
            0.07211144089973467,
            0.07167845970726416,
            0.07172542547781346,
            0.0712837695777874,
            0.07107474114145002,
            0.07103787452989643,
            0.07081008788924979
        ],
        "fold2": [
            0.07425348440285873,
            0.06852843768491938,
            0.06738988394672807,
            0.06768325000900674,
            0.0682992892239142,
            0.06698839905344554
        ],
        "fold3": [
            0.08336182720434497,
            0.07147947407337794,
            0.06947037006301313,
            0.06822061402277207,
            0.06953358914009375,
            0.06834339565875851,
            0.06836511708900962,
            0.06778602329183353,
            0.06823311881373559,
            0.06813559388225907,
            0.06812989694563343
        ],
        "fold4": [
            0.08084914286155254,
            0.07458549043642254,
            0.07432791399252084,
            0.07271196672485934,
            0.07287944089491954,
            0.07247742854653755,
            0.0721747316355403,
            0.07266359014061487,
            0.07257968131064747,
            0.07204798459942038
        ]
    },
    "mean_train_loss_kl_C2AB": {
        "fold0": [
            0.007359934341562694,
            0.0021870404064671975,
            0.0016934026473302138,
            0.0017785566300215889,
            0.00030818987802239687
        ],
        "fold1": [
            0.008402380283236878,
            0.0022779012708602376,
            0.0018265756978524618,
            0.00168441532787116,
            0.0003020036571019221,
            0.00021986555102432022,
            0.00023215933550806297,
            0.00010388902012175078
        ],
        "fold2": [
            0.00851531974214005,
            0.0020923518928611883,
            0.001736979396657655,
            0.0015230588942506222,
            0.0013948833390246807,
            0.00024956990342075557
        ],
        "fold3": [
            0.008791487257418818,
            0.0022521541738195466,
            0.0020477494043018413,
            0.001794677587741704,
            0.0015576940909618464,
            0.0016725601753890306,
            0.001286873808345143,
            0.00025173031314390277,
            0.00020007527596185149,
            0.00023475763696659724,
            6.721867504469307e-05
        ],
        "fold4": [
            0.012540320969871269,
            0.0025917828496757364,
            0.0020798857617213193,
            0.0017796730759837625,
            0.0015969984676789612,
            0.0016138116350185151,
            0.0003117163200840878,
            0.00024190267290041193,
            0.00021480093121795107,
            6.538758162201298e-05
        ]
    },
    "mean_train_dice": {
        "fold0": [
            0.5231581926345825,
            0.5708695650100708,
            0.6072269082069397,
            0.6279130578041077,
            0.6407051682472229
        ],
        "fold1": [
            0.5026060938835144,
            0.5672318339347839,
            0.5961777567863464,
            0.6057357788085938,
            0.6333414912223816,
            0.6350797414779663,
            0.6462159752845764,
            0.6544086933135986
        ],
        "fold2": [
            0.516679584980011,
            0.5798172950744629,
            0.6180858016014099,
            0.6229252219200134,
            0.6359580755233765,
            0.6561358571052551
        ],
        "fold3": [
            0.5248479247093201,
            0.5868823528289795,
            0.6103383898735046,
            0.6327992081642151,
            0.6480621099472046,
            0.6521403193473816,
            0.661032497882843,
            0.6804378032684326,
            0.6887347102165222,
            0.6947785019874573,
            0.6989099979400635
        ],
        "fold4": [
            0.5233972072601318,
            0.5662024021148682,
            0.5967065691947937,
            0.6027923822402954,
            0.6180790662765503,
            0.6237069964408875,
            0.6425518989562988,
            0.6549919843673706,
            0.6618509888648987,
            0.6697720885276794
        ]
    },
    "mean_train_precision": {
        "fold0": [
            0.4867432713508606,
            0.6348815560340881,
            0.6416842341423035,
            0.6564045548439026,
            0.6689983010292053
        ],