{
    "mean_train_dice": {
        "fold0": 0.541154682636261,
        "fold1": 0.6061694025993347,
        "fold2": 0.6228431463241577,
        "fold3": 0.5415062308311462,
        "fold4": 0.5011012554168701
    },
    "mean_train_precision": {
        "fold0": 0.4640824496746063,
        "fold1": 0.5169209837913513,
        "fold2": 0.5532945394515991,
        "fold3": 0.5400053858757019,
        "fold4": 0.5237975120544434
    },
    "mean_train_recall": {
        "fold0": 0.7794183492660522,
        "fold1": 0.7561061382293701,
        "fold2": 0.7317075729370117,
        "fold3": 0.7253888249397278,
        "fold4": 0.7159656286239624
    },
    "std_train_dice": {
        "fold0": 0.14348472654819489,
        "fold1": 0.12329374998807907,
        "fold2": 0.11473055928945541,
        "fold3": 0.12201787531375885,
        "fold4": 0.1287222057580948
    },
    "std_train_precision": {
        "fold0": 0.19072379171848297,
        "fold1": 0.19158445298671722,
        "fold2": 0.19108231365680695,
        "fold3": 0.19184623658657074,
        "fold4": 0.19503481686115265
    },
    "std_train_recall": {
        "fold0": 0.13486997783184052,
        "fold1": 0.14252041280269623,
        "fold2": 0.1457296758890152,
        "fold3": 0.15133044123649597,
        "fold4": 0.15459078550338745
    },
    "mean_val_dice": {
        "fold0": 0.39728090167045593,
        "fold1": 0.49002745747566223,
        "fold2": 0.3307093679904938,
        "fold3": 0.34937843680381775,
        "fold4": 0.3612949848175049
    },
    "mean_val_precision": {
        "fold0": 0.31760573387145996,
        "fold1": 0.4168904721736908,
        "fold2": 0.402937114238739,
        "fold3": 0.3771483600139618,
        "fold4": 0.37209391593933105
    },
    "mean_val_recall": {
        "fold0": 0.6518898606300354,
        "fold1": 0.6140494346618652,
        "fold2": 0.537635087966919,
        "fold3": 0.5528263449668884,
        "fold4": 0.5329898595809937
    },
    "std_val_dice": {
        "fold0": 0.12534460425376892,
        "fold1": 0.1399911791086197,
        "fold2": 0.10301059484481812,
        "fold3": 0.15010733902454376,
        "fold4": 0.14029091596603394
    },
    "std_val_precision": {
        "fold0": 0.14390380680561066,
        "fold1": 0.20906318724155426,
        "fold2": 0.18877927958965302,
        "fold3": 0.19292579591274261,
        "fold4": 0.18748274445533752
    },
    "std_val_recall": {
        "fold0": 0.21618859469890594,
        "fold1": 0.19496847689151764,
        "fold2": 0.2252262979745865,
        "fold3": 0.2180481255054474,
        "fold4": 0.22178243100643158
    }
}