{
    "mean_dice": {
        "fold0": 0.39696359634399414,
        "fold1": 0.4433229863643646,
        "fold2": 0.4057811200618744,
        "fold3": 0.3921336531639099,
        "fold4": 0.38621971011161804
    },
    "mean_precision": {
        "fold0": 0.31881168484687805,
        "fold1": 0.4170803129673004,
        "fold2": 0.402942419052124,
        "fold3": 0.3775062561035156,
        "fold4": 0.3722502589225769
    },
    "mean_recall": {
        "fold0": 0.6507668495178223,
        "fold1": 0.6147183775901794,
        "fold2": 0.5380280017852783,
        "fold3": 0.5526350140571594,
        "fold4": 0.5330834984779358
    },
    "std_dice": {
        "fold0": 0.1262415200471878,
        "fold1": 0.14152680337429047,
        "fold2": 0.140501007437706,
        "fold3": 0.1444227695465088,
        "fold4": 0.1440553069114685
    },
    "std_precision": {
        "fold0": 0.1463862508535385,
        "fold1": 0.2102850079536438,
        "fold2": 0.18973995745182037,
        "fold3": 0.19282351434230804,
        "fold4": 0.18739654123783112
    },
    "std_recall": {
        "fold0": 0.2170480489730835,
        "fold1": 0.1960727572441101,
        "fold2": 0.22599650919437408,
        "fold3": 0.218503937125206,
        "fold4": 0.22231273353099823
    }
}