{
    "mean_train_dice": {
        "fold0": 0.8045567870140076,
        "fold1": 0.7372915148735046,
        "fold2": 0.7471612691879272,
        "fold3": 0.6357197165489197,
        "fold4": 0.76499342918396
    },
    "mean_train_precision": {
        "fold0": 0.8055453300476074,
        "fold1": 0.7830512523651123,
        "fold2": 0.7789576649665833,
        "fold3": 0.7462735176086426,
        "fold4": 0.7509336471557617
    },
    "mean_train_recall": {
        "fold0": 0.8220071792602539,
        "fold1": 0.7919231653213501,
        "fold2": 0.7791712880134583,
        "fold3": 0.7563630938529968,
        "fold4": 0.7626505494117737
    },
    "std_train_dice": {
        "fold0": 0.10109542310237885,
        "fold1": 0.14086203277111053,
        "fold2": 0.12585794925689697,
        "fold3": 0.16894283890724182,
        "fold4": 0.11286706477403641
    },
    "std_train_precision": {
        "fold0": 0.12739598751068115,
        "fold1": 0.15107238292694092,
        "fold2": 0.14549121260643005,
        "fold3": 0.16766756772994995,
        "fold4": 0.1636268049478531
    },
    "std_train_recall": {
        "fold0": 0.049655720591545105,
        "fold1": 0.10489082336425781,
        "fold2": 0.11953114718198776,
        "fold3": 0.1471584141254425,
        "fold4": 0.13672633469104767
    },
    "mean_val_dice": {
        "fold0": 0.47933605313301086,
        "fold1": 0.5410174131393433,
        "fold2": 0.47636640071868896,
        "fold3": 0.4637119770050049,
        "fold4": 0.5045205950737
    },
    "mean_val_precision": {
        "fold0": 0.6306219696998596,
        "fold1": 0.6181365251541138,
        "fold2": 0.5920718908309937,
        "fold3": 0.5554254651069641,
        "fold4": 0.5708591938018799
    },
    "mean_val_recall": {
        "fold0": 0.4668390452861786,
        "fold1": 0.5157080888748169,
        "fold2": 0.5307351350784302,
        "fold3": 0.5546029806137085,
        "fold4": 0.5433536171913147
    },
    "std_val_dice": {
        "fold0": 0.15885527431964874,
        "fold1": 0.141639843583107,
        "fold2": 0.1897353082895279,
        "fold3": 0.18632562458515167,
        "fold4": 0.15138332545757294
    },
    "std_val_precision": {
        "fold0": 0.16975203156471252,
        "fold1": 0.18736815452575684,
        "fold2": 0.19028247892856598,
        "fold3": 0.2137041538953781,
        "fold4": 0.2224169671535492
    },
    "std_val_recall": {
        "fold0": 0.23364166915416718,
        "fold1": 0.20730087161064148,
        "fold2": 0.23872652649879456,
        "fold3": 0.23008307814598083,
        "fold4": 0.2238694429397583
    }
}