{
    "mean_train_dice": {
        "fold0": 0.8233346939086914,
        "fold1": 0.7713335752487183,
        "fold2": 0.7415453791618347,
        "fold3": 0.6900388598442078,
        "fold4": 0.7885344624519348
    },
    "mean_train_precision": {
        "fold0": 0.8333783745765686,
        "fold1": 0.8061310052871704,
        "fold2": 0.8052595853805542,
        "fold3": 0.7815290689468384,
        "fold4": 0.7802924513816833
    },
    "mean_train_recall": {
        "fold0": 0.8226855397224426,
        "fold1": 0.8047557473182678,
        "fold2": 0.7754374146461487,
        "fold3": 0.7618515491485596,
        "fold4": 0.7727836966514587
    },
    "std_train_dice": {
        "fold0": 0.07569833099842072,
        "fold1": 0.12584014236927032,
        "fold2": 0.13788236677646637,
        "fold3": 0.12281329184770584,
        "fold4": 0.08096811920404434
    },
    "std_train_precision": {
        "fold0": 0.09943968802690506,
        "fold1": 0.12909676134586334,
        "fold2": 0.12789148092269897,
        "fold3": 0.14259284734725952,
        "fold4": 0.13673222064971924
    },
    "std_train_recall": {
        "fold0": 0.042134325951337814,
        "fold1": 0.08041341602802277,
        "fold2": 0.1259981244802475,
        "fold3": 0.1364782750606537,
        "fold4": 0.1265704333782196
    },
    "mean_val_dice": {
        "fold0": 0.4220462739467621,
        "fold1": 0.4847294092178345,
        "fold2": 0.3078311085700989,
        "fold3": 0.37343844771385193,
        "fold4": 0.35305142402648926
    },
    "mean_val_precision": {
        "fold0": 0.46387842297554016,
        "fold1": 0.5413097739219666,
        "fold2": 0.520288348197937,
        "fold3": 0.47727006673812866,
        "fold4": 0.48246410489082336
    },
    "mean_val_recall": {
        "fold0": 0.4791736602783203,
        "fold1": 0.4860275685787201,
        "fold2": 0.4352946877479553,
        "fold3": 0.47148966789245605,
        "fold4": 0.44520971179008484
    },
    "std_val_dice": {
        "fold0": 0.14719393849372864,
        "fold1": 0.14238134026527405,
        "fold2": 0.1212339773774147,
        "fold3": 0.13650092482566833,
        "fold4": 0.16097672283649445
    },
    "std_val_precision": {
        "fold0": 0.16483771800994873,
        "fold1": 0.23662392795085907,
        "fold2": 0.2292661815881729,
        "fold3": 0.227026104927063,
        "fold4": 0.23744331300258636
    },
    "std_val_recall": {
        "fold0": 0.22201524674892426,
        "fold1": 0.18771876394748688,
        "fold2": 0.2182445526123047,
        "fold3": 0.22960269451141357,
        "fold4": 0.22969383001327515
    }
}